{
  "code": 0,
  "msg": "",
  "count": 1000,
  "data": [
    {
      "e_id": 1001,
      "c_id": 7,
      "e_name": "stella",
      "e_phone": 18875066276,
      "e_sex": "女",
      "salary": 1000000,
      "position":"打工人"
    },
    {
      "e_id": 1002,
      "c_id": 7,
      "e_name": "jerry",
      "e_phone": 18875066276,
      "e_sex": "女",
      "salary": 1000000,
      "position":"成功人士"
    },
    {
      "e_id": 1003,
      "c_id": 7,
      "e_name": "姜总",
      "e_phone": 18875066276,
      "e_sex": "女",
      "salary": 1000000,
      "position":"百万富翁"
    },
    {
      "e_id": 1004,
      "c_id": 7,
      "e_name": "stella",
      "e_phone": 18875066276,
      "e_sex": "女",
      "salary": 1000000,
      "position":"打工人"
    }
  ]
}