<?xml version="1.0" encoding="UTF-8"?>
<!DOCTYPE mapper
        PUBLIC "-//mybatis.org//DTD Mapper 3.0//EN"
        "http://mybatis.org/dtd/mybatis-3-mapper.dtd">
<mapper namespace="com.system.mapper.AdministratorMapper">

    <resultMap id="BaseResultMap" type="com.system.pojo.Administrator">
            <id property="aUsername" column="a_username" jdbcType="VARCHAR"/>
            <result property="aPassword" column="a_password" jdbcType="VARCHAR"/>
            <result property="aName" column="a_name" jdbcType="VARCHAR"/>
            <result property="aPhone" column="a_phone" jdbcType="BIGINT"/>
            <result property="cName" column="c_name" jdbcType="VARCHAR"/>
    </resultMap>

    <sql id="Base_Column_List">
        a_username,a_password,a_name,
        a_phone,c_name
    </sql>
</mapper>
