<?xml version="1.0" encoding="UTF-8"?>
<!DOCTYPE mapper
        PUBLIC "-//mybatis.org//DTD Mapper 3.0//EN"
        "http://mybatis.org/dtd/mybatis-3-mapper.dtd">
<mapper namespace="com.system.mapper.CargoMapper">

    <resultMap id="BaseResultMap" type="com.system.pojo.Cargo">
            <id property="gId" column="g_id" jdbcType="BIGINT"/>
            <result property="adresser" column="adresser" jdbcType="VARCHAR"/>
            <result property="consignee" column="consignee" jdbcType="VARCHAR"/>
            <result property="weight" column="weight" jdbcType="INTEGER"/>
            <result property="departurePlace" column="departure_place" jdbcType="VARCHAR"/>
            <result property="reachPlace" column="reach_place" jdbcType="VARCHAR"/>
            <result property="cId" column="c_id" jdbcType="INTEGER"/>
            <result property="gType" column="g_type" jdbcType="INTEGER"/>
            <result property="sName" column="s_name" jdbcType="VARCHAR"/>
            <result property="vId" column="v_id" jdbcType="VARCHAR"/>
    </resultMap>

    <sql id="Base_Column_List">
        g_id,adresser,consignee,
        weight,departure_place,reach_place,
        c_id,g_type,s_name,
        v_id
    </sql>
</mapper>
