<?xml version="1.0" encoding="UTF-8"?>
<!DOCTYPE mapper
        PUBLIC "-//mybatis.org//DTD Mapper 3.0//EN"
        "http://mybatis.org/dtd/mybatis-3-mapper.dtd">
<mapper namespace="com.system.mapper.CompanyMapper">

    <resultMap id="BaseResultMap" type="com.system.pojo.Company">
            <id property="cId" column="c_id" jdbcType="INTEGER"/>
            <result property="cName" column="c_name" jdbcType="VARCHAR"/>
            <result property="representativeName" column="representative_name" jdbcType="VARCHAR"/>
            <result property="cAddress" column="c_address" jdbcType="VARCHAR"/>
            <result property="registeredCapital" column="registered_capital" jdbcType="INTEGER"/>
            <result property="cPhone" column="c_phone" jdbcType="BIGINT"/>
    </resultMap>

    <sql id="Base_Column_List">
        c_id,c_name,representative_name,
        c_address,registered_capital,c_phone
    </sql>
</mapper>
