<?xml version="1.0" encoding="UTF-8"?>
<!DOCTYPE mapper
        PUBLIC "-//mybatis.org//DTD Mapper 3.0//EN"
        "http://mybatis.org/dtd/mybatis-3-mapper.dtd">
<mapper namespace="com.system.mapper.PlaceMapper">

    <resultMap id="BaseResultMap" type="com.system.pojo.Place">
            <id property="pId" column="p_id" jdbcType="INTEGER"/>
            <result property="pName" column="p_name" jdbcType="VARCHAR"/>
            <result property="city" column="city" jdbcType="VARCHAR"/>
            <result property="country" column="country" jdbcType="VARCHAR"/>
    </resultMap>

    <sql id="Base_Column_List">
        p_id,p_name,city,
        country
    </sql>
</mapper>
