<?xml version="1.0" encoding="UTF-8"?>
<!DOCTYPE mapper
        PUBLIC "-//mybatis.org//DTD Mapper 3.0//EN"
        "http://mybatis.org/dtd/mybatis-3-mapper.dtd">
<mapper namespace="com.system.mapper.VehicleMapper">

    <resultMap id="BaseResultMap" type="com.system.pojo.Vehicle">
            <id property="vId" column="v_id" jdbcType="VARCHAR"/>
            <result property="vType" column="v_type" jdbcType="VARCHAR"/>
            <result property="vStatus" column="v_status" jdbcType="INTEGER"/>
            <result property="stashId" column="stash_id" jdbcType="INTEGER"/>
            <result property="eId" column="e_id" jdbcType="INTEGER"/>
            <result property="licenseId" column="license_id" jdbcType="INTEGER"/>
            <result property="tLimit" column="t_limit" jdbcType="DATE"/>
    </resultMap>

    <sql id="Base_Column_List">
        v_id,v_type,v_status,
        stash_id,e_id,license_id,
        t_limit
    </sql>
</mapper>
